seasonType,eventId,commentaryOrder,playId,clockDisplayValue,commentaryText,updateDateTime
12240,690679,0,-1,,Lineups are announced and players are warming up.,2024-02-23 06:22:59
12240,690679,1,42490861,,First Half begins.,2024-02-23 06:22:59
12240,690679,2,42490875,1',Foul by Luis Estupiñan (LDU Quito).,2024-02-23 06:22:59
12240,690679,3,42490875,1',Marcelo (Fluminense) wins a free kick in the attacking half.,2024-02-23 06:22:59
12240,690679,4,42490888,3',Foul by José Quintero (LDU Quito).,2024-02-23 06:22:59
12240,690679,5,42490888,3',Keno (Fluminense) wins a free kick in the defensive half.,2024-02-23 06:22:59
12240,690679,6,42490928,6',Felipe Melo (Fluminense) wins a free kick in the defensive half.,2024-02-23 06:22:59
12240,690679,7,42490928,6',Foul by Óscar Zambrano (LDU Quito).,2024-02-23 06:22:59
12240,690679,8,42490974,10',VAR Decision: No Penalty Fluminense.,2024-02-23 06:22:59
12240,690679,9,42490991,11',"Corner, LDU Quito. Conceded by Thiago Santos.",2024-02-23 06:22:59
12240,690679,10,42491011,12',Foul by Jhojan Julio (LDU Quito).,2024-02-23 06:22:59
12240,690679,11,42491011,12',Thiago Santos (Fluminense) wins a free kick in the defensive half.,2024-02-23 06:22:59
12240,690679,12,-1,13',Delay in match  because of an injury Marcelo (Fluminense).,2024-02-23 06:22:59
12240,690679,13,-1,14',Delay over. They are ready to continue.,2024-02-23 06:22:59
12240,690679,14,42491038,14',"Substitution, Fluminense. Diogo Barbosa replaces Marcelo because of an injury.",2024-02-23 06:22:59
12240,690679,15,42491047,15',"Corner, LDU Quito. Conceded by Diogo Barbosa.",2024-02-23 06:22:59
12240,690679,16,42491048,16',"Corner, LDU Quito. Conceded by Keno.",2024-02-23 06:22:59
12240,690679,17,42491066,16',Attempt blocked. Luis Estupiñan (LDU Quito) right footed shot from outside the box is blocked. Assisted by Jhojan Julio.,2024-02-23 06:22:59
12240,690679,18,42491069,17',Foul by Jan Hurtado (LDU Quito).,2024-02-23 06:22:59
12240,690679,19,42491069,17',Thiago Santos (Fluminense) wins a free kick in the defensive half.,2024-02-23 06:22:59
12240,690679,20,42491107,21',Attempt missed. Óscar Zambrano (LDU Quito) right footed shot from outside the box is just a bit too high. Assisted by Jhojan Julio.,2024-02-23 06:22:59
12240,690679,21,42491149,22',"Corner, LDU Quito. Conceded by Thiago Santos.",2024-02-23 06:22:59
12240,690679,22,42491150,22',"Corner, LDU Quito. Conceded by Jhon Arias.",2024-02-23 06:22:59
12240,690679,23,42491152,22',"Attempt missed. Óscar Zambrano (LDU Quito) right footed shot from outside the box is close, but misses to the left. Assisted by Leonel Quiñónez following a corner.",2024-02-23 06:22:59
12240,690679,24,-1,24',Delay in match   (Fluminense).,2024-02-23 06:22:59
12240,690679,25,-1,26',Delay over. They are ready to continue.,2024-02-23 06:22:59
12240,690679,26,42491183,27',"Attempt missed. Lucas Piovi (LDU Quito) right footed shot from outside the box is close, but misses to the right. Assisted by José Quintero.",2024-02-23 06:22:59
12240,690679,27,42491199,28',Attempt blocked. Germán Cano (Fluminense) left footed shot from outside the box is blocked. Assisted by Jhon Arias.,2024-02-23 06:22:59
12240,690679,28,42491208,29',Attempt missed. Jan Hurtado (LDU Quito) header from the centre of the box is high and wide to the right. Assisted by José Quintero with a cross.,2024-02-24 06:24:12
12240,690679,29,42491224,31',Attempt saved. Jhon Arias (Fluminense) left footed shot from a difficult angle on the left is saved in the centre of the goal. Assisted by Keno.,2024-02-24 06:24:12
12240,690679,30,42491234,33',"Attempt missed. Sebastián González (LDU Quito) left footed shot from outside the box is close, but misses to the right. Assisted by Óscar Zambrano.",2024-02-24 06:24:12
12240,690679,31,42491243,34',Foul by José Quintero (LDU Quito).,2024-02-23 06:22:59
12240,690679,32,42491243,34',Keno (Fluminense) wins a free kick in the defensive half.,2024-02-23 06:22:59
12240,690679,33,42491264,37',Attempt missed. Jan Hurtado (LDU Quito) header from the centre of the box misses to the left. Assisted by Leonel Quiñónez with a cross.,2024-02-24 06:24:12
12240,690679,34,42491281,38',"Attempt missed. Sebastián González (LDU Quito) left footed shot from the centre of the box is close, but misses to the right.",2024-02-23 06:22:59
12240,690679,35,42491292,40',Attempt saved. Lucas Piovi (LDU Quito) right footed shot from outside the box is saved in the top centre of the goal. Assisted by Jan Hurtado.,2024-02-23 06:22:59
12240,690679,36,-1,40',Delay in match   (Fluminense).,2024-02-23 06:22:59
12240,690679,37,-1,42',Delay over. They are ready to continue.,2024-02-23 06:22:59
12240,690679,38,42491323,43',Foul by Martinelli (Fluminense).,2024-02-23 06:22:59
12240,690679,39,42491323,43',Óscar Zambrano (LDU Quito) wins a free kick in the defensive half.,2024-02-23 06:22:59
12240,690679,40,42491324,43',Martinelli (Fluminense) is shown the yellow card for a bad foul.,2024-02-23 06:22:59
12240,690679,41,42491330,44',Foul by Lucas Piovi (LDU Quito).,2024-02-23 06:22:59
12240,690679,42,42491330,44',Keno (Fluminense) wins a free kick in the defensive half.,2024-02-23 06:22:59
12240,690679,43,42491346,45'+1',Foul by Jhojan Julio (LDU Quito).,2024-02-23 06:22:59
12240,690679,44,42491346,45'+1',Jhon Arias (Fluminense) wins a free kick in the attacking half.,2024-02-23 06:22:59
12240,690679,45,42491358,45'+3',"Offside, Fluminense. Jhon Arias is caught offside.",2024-02-23 06:22:59
12240,690679,46,42491364,45'+4',"Corner, LDU Quito. Conceded by André.",2024-02-23 06:22:59
12240,690679,47,42491369,45'+6',Attempt saved. José Quintero (LDU Quito) left footed shot from outside the box is saved in the bottom right corner. Assisted by Alexander Domínguez.,2024-02-23 06:22:59
12240,690679,48,42491372,45'+6',"Corner, LDU Quito. Conceded by Fábio.",2024-02-23 06:22:59
12240,690679,49,42491382,45'+6',Attempt saved. Sebastián González (LDU Quito) left footed shot from the right side of the box is saved in the top centre of the goal. Assisted by Lucas Piovi.,2024-02-24 06:24:12
12240,690679,50,42491385,45'+6',"Corner, LDU Quito. Conceded by Diogo Barbosa.",2024-02-23 06:22:59
12240,690679,51,42491386,45'+7',Felipe Melo (Fluminense) wins a free kick in the defensive half.,2024-02-23 06:22:59
12240,690679,52,42491386,45'+7',Foul by Jan Hurtado (LDU Quito).,2024-02-23 06:22:59
12240,690679,53,-1,45'+7',"First Half ends, LDU Quito 0, Fluminense 0.",2024-02-23 06:22:59
12240,690679,54,-1,45',"Second Half begins LDU Quito 0, Fluminense 0.",2024-02-23 06:22:59
12240,690679,55,42491474,47',Felipe Melo (Fluminense) wins a free kick in the defensive half.,2024-02-23 06:22:59
12240,690679,56,42491474,47',Foul by Lucas Piovi (LDU Quito).,2024-02-23 06:22:59
12240,690679,57,42491475,47',Lucas Piovi (LDU Quito) is shown the yellow card for a bad foul.,2024-02-23 06:22:59
12240,690679,58,-1,48',Delay in match  because of an injury Felipe Melo (Fluminense).,2024-02-23 06:22:59
12240,690679,59,-1,48',Delay over. They are ready to continue.,2024-02-23 06:22:59
12240,690679,60,-1,53',"Corner, LDU Quito. Conceded by Guga.",2024-02-23 06:22:59
12240,690679,61,-1,53',Delay in match   (Fluminense).,2024-02-23 06:22:59
12240,690679,62,-1,55',Delay over. They are ready to continue.,2024-02-23 06:22:59
12240,690679,63,42491532,55',"Substitution, Fluminense. Douglas Costa replaces Keno because of an injury.",2024-02-23 06:22:59
12240,690679,64,42491533,56',"Substitution, Fluminense. Marlon replaces Felipe Melo.",2024-02-23 06:22:59
12240,690679,65,42491534,56',"Substitution, LDU Quito. Alex Arce replaces Luis Estupiñan.",2024-02-23 06:22:59
12240,690679,66,42491542,58',"Corner, LDU Quito. Conceded by Marlon.",2024-02-23 06:22:59
12240,690679,67,42491554,59',Attempt missed. Martinelli (Fluminense) right footed shot from outside the box is high and wide to the left. Assisted by Douglas Costa.,2024-02-24 06:24:12
12240,690679,68,42491558,61',"Corner, LDU Quito. Conceded by Thiago Santos.",2024-02-23 06:22:59
12240,690679,69,42491573,61',Attempt missed. Jan Hurtado (LDU Quito) header from very close range misses to the left following a corner.,2024-02-24 06:24:12
12240,690679,70,42491589,63',Attempt blocked. Jan Hurtado (LDU Quito) right footed shot from the centre of the box is blocked. Assisted by Leonel Quiñónez.,2024-02-23 06:22:59
12240,690679,71,42491592,63',"Corner, LDU Quito. Conceded by Thiago Santos.",2024-02-23 06:22:59
12240,690679,72,42491615,65',Attempt blocked. Sebastián González (LDU Quito) left footed shot from outside the box is blocked. Assisted by Jhojan Julio.,2024-02-23 06:22:59
12240,690679,73,42491603,65',"Corner, LDU Quito. Conceded by André.",2024-02-23 06:22:59
12240,690679,74,42491629,66',Attempt missed. Richard Mina (LDU Quito) header from the left side of the six yard box misses to the left. Assisted by Óscar Zambrano with a cross following a corner.,2024-02-24 06:24:12
12240,690679,75,42491630,68',Foul by Jan Hurtado (LDU Quito).,2024-02-23 06:22:59
12240,690679,76,42491630,68',Thiago Santos (Fluminense) wins a free kick in the defensive half.,2024-02-23 06:22:59
12240,690679,77,42491631,69',"Substitution, Fluminense. Lelê replaces Germán Cano.",2024-02-23 06:22:59
12240,690679,78,42491632,69',"Substitution, Fluminense. Lima replaces Ganso.",2024-02-23 06:22:59
12240,690679,79,42491638,70',Foul by André (Fluminense).,2024-02-23 06:22:59
12240,690679,80,42491638,70',Lucas Piovi (LDU Quito) wins a free kick in the defensive half.,2024-02-23 06:22:59
12240,690679,81,42491639,70',"Substitution, LDU Quito. Michael Estrada replaces Jan Hurtado.",2024-02-23 06:22:59
12240,690679,82,42491640,70',"Substitution, LDU Quito. Gabriel Villamíl replaces Óscar Zambrano.",2024-02-23 06:22:59
12240,690679,83,42491648,71',Diogo Barbosa (Fluminense) wins a free kick in the defensive half.,2024-02-23 06:22:59
12240,690679,84,42491648,71',Foul by Michael Estrada (LDU Quito).,2024-02-23 06:22:59
12240,690679,85,42491652,72',"Offside, LDU Quito. Michael Estrada is caught offside.",2024-02-23 06:22:59
12240,690679,86,42491654,73',Lima (Fluminense) hits the bar with a right footed shot from the right side of the box. Assisted by Martinelli.,2024-02-24 06:24:12
12240,690679,87,42491703,74',Foul by Alex Arce (LDU Quito).,2024-02-23 06:22:59
12240,690679,88,42491703,74',Thiago Santos (Fluminense) wins a free kick in the defensive half.,2024-02-23 06:22:59
12240,690679,89,-1,74',Delay in match  because of an injury Thiago Santos (Fluminense).,2024-02-23 06:22:59
12240,690679,90,42491675,74',Guga (Fluminense) is shown the yellow card.,2024-02-23 06:22:59
12240,690679,91,-1,77',Delay over. They are ready to continue.,2024-02-23 06:22:59
12240,690679,92,42491705,77',"Substitution, LDU Quito. Lisandro Alzugaray replaces Sebastián González.",2024-02-23 06:22:59
12240,690679,93,42491707,78',Foul by Lisandro Alzugaray (LDU Quito).,2024-02-23 06:22:59
12240,690679,94,42491707,78',Jhon Arias (Fluminense) wins a free kick in the defensive half.,2024-02-23 06:22:59
12240,690679,95,42491815,79',Foul by Gabriel Villamíl (LDU Quito).,2024-02-23 06:22:59
12240,690679,96,42491815,79',Lima (Fluminense) wins a free kick on the left wing.,2024-02-23 06:22:59
12240,690679,97,42491726,80',Foul by Jhojan Julio (LDU Quito).,2024-02-23 06:22:59
12240,690679,98,42491726,80',Guga (Fluminense) wins a free kick on the right wing.,2024-02-23 06:22:59
12240,690679,99,42491735,82',Attempt blocked. Jhojan Julio (LDU Quito) right footed shot from outside the box is blocked. Assisted by Lisandro Alzugaray.,2024-02-23 06:22:59
12240,690679,100,42491736,82',Foul by José Quintero (LDU Quito).,2024-02-23 06:22:59
12240,690679,101,42491736,82',Jhon Arias (Fluminense) wins a free kick in the defensive half.,2024-02-23 06:22:59
12240,690679,102,42491742,83',Alex Arce (LDU Quito) wins a free kick on the left wing.,2024-02-23 06:22:59
12240,690679,103,42491742,83',Foul by Thiago Santos (Fluminense).,2024-02-23 06:22:59
12240,690679,104,42491752,84',Attempt missed. Michael Estrada (LDU Quito) header from the centre of the box misses to the right. Assisted by Leonel Quiñónez with a cross following a set piece situation.,2024-02-24 06:24:12
12240,690679,105,42491764,85',Attempt blocked. Gabriel Villamíl (LDU Quito) right footed shot from outside the box is blocked. Assisted by Lucas Piovi.,2024-02-23 06:22:59
12240,690679,106,42491767,85',Attempt blocked. Gabriel Villamíl (LDU Quito) right footed shot from outside the box is blocked. Assisted by Leonel Quiñónez.,2024-02-23 06:22:59
12240,690679,107,42491785,89',Attempt saved. José Quintero (LDU Quito) right footed shot from outside the box is saved in the top centre of the goal.,2024-02-28 06:20:22
12240,690679,108,42491786,89',"Corner, LDU Quito. Conceded by Fábio.",2024-02-23 06:22:59
12240,690679,109,42491791,89',"Corner, LDU Quito. Conceded by Diogo Barbosa.",2024-02-23 06:22:59
12240,690679,110,42491789,89',Attempt blocked. Lucas Piovi (LDU Quito) right footed shot from outside the box is blocked. Assisted by Leonel Quiñónez.,2024-02-23 06:22:59
12240,690679,111,42491793,89',"Corner, LDU Quito. Conceded by Douglas Costa.",2024-02-23 06:22:59
12240,690679,112,42491794,89',Attempt saved. Lisandro Alzugaray (LDU Quito) left footed shot from long range on the right is saved in the centre of the goal. Assisted by José Quintero.,2024-02-23 06:22:59
12240,690679,113,42491804,90',Attempt blocked. Michael Estrada (LDU Quito) right footed shot from the centre of the box is blocked.,2024-02-23 06:22:59
12240,690679,114,42491816,90',Hand ball by Douglas Costa (Fluminense).,2024-02-23 06:22:59
12240,690679,115,-1,90',Delay in match  because of an injury Fábio (Fluminense).,2024-02-23 06:22:59
12240,690679,116,-1,90'+2',Delay over. They are ready to continue.,2024-02-23 06:22:59
12240,690679,117,42491839,90'+2',"Goal!  LDU Quito 1, Fluminense 0. Alex Arce (LDU Quito) right footed shot from very close range to the bottom right corner. Assisted by Lucas Piovi with a cross   following a set piece situation.Goal awarded following VAR Review.",2024-02-24 06:24:12
12240,690679,118,42491838,90'+4',VAR Decision: Goal  LDU Quito 1-0 Fluminense (Lucas Piovi).,2024-02-23 06:22:59
12240,690679,119,42491860,90'+5',Alex Arce (LDU Quito) is shown the yellow card for excessive celebration.,2024-02-23 06:22:59
12240,690679,120,42491861,90'+7',"Corner, Fluminense. Conceded by Ricardo Adé.",2024-02-23 06:22:59
12240,690679,121,42491869,90'+7',Attempt saved. Thiago Santos (Fluminense) header from the centre of the box is saved in the centre of the goal. Assisted by Lima with a cross.,2024-02-23 06:22:59
12240,690679,122,42491871,90'+8',Foul by Michael Estrada (LDU Quito).,2024-02-23 06:22:59
12240,690679,123,42491871,90'+8',Thiago Santos (Fluminense) wins a free kick in the defensive half.,2024-02-23 06:22:59
12240,690679,124,42491888,90'+8',André (Fluminense) wins a free kick in the attacking half.,2024-02-23 06:22:59
12240,690679,125,42491888,90'+8',Foul by Gabriel Villamíl (LDU Quito).,2024-02-23 06:22:59
12240,690679,126,42491889,90'+9',"Attempt missed. Douglas Costa (Fluminense) left footed shot from outside the box is close, but misses to the right from a direct free kick.",2024-02-23 06:22:59
12240,690679,127,42491901,90'+9',"Second Half ends, LDU Quito 1, Fluminense 0.",2024-02-23 06:22:59
12240,690679,128,-1,,"Match ends, LDU Quito 1, Fluminense 0.",2024-02-23 06:22:59
12240,690680,0,-1,,Lineups are announced and players are warming up.,2024-03-01 06:17:32
12240,690680,1,42547768,,First Half begins.,2024-03-01 06:17:32
12240,690680,2,42547776,3',Foul by José Quintero (LDU Quito).,2024-03-01 06:17:32
12240,690680,3,42547776,3',Jhon Arias (Fluminense) wins a free kick on the left wing.,2024-03-01 06:17:32
12240,690680,4,42547789,3',"Corner, Fluminense. Conceded by Richard Mina.",2024-03-01 06:17:32
12240,690680,5,42547797,5',Attempt missed. Jan Hurtado (LDU Quito) right footed shot from more than 35 yards is high and wide to the right. Assisted by Óscar Zambrano with a headed pass following a fast break.,2024-03-01 06:17:32
12240,690680,6,42547816,7',Foul by Ganso (Fluminense).,2024-03-01 06:17:32
12240,690680,7,42547816,7',José Quintero (LDU Quito) wins a free kick in the defensive half.,2024-03-01 06:17:32
12240,690680,8,42548235,8',Hand ball by Jan Hurtado (LDU Quito).,2024-03-01 06:17:32
12240,690680,9,-1,11',"Corner, Fluminense. Conceded by Richard Mina.",2024-03-01 06:17:32
12240,690680,10,42547857,11',Attempt saved. Martinelli (Fluminense) right footed shot from the right side of the six yard box is saved in the bottom right corner.,2024-03-01 06:17:32
12240,690680,11,42547952,11',Alexander Domínguez (LDU Quito) wins a free kick in the defensive half.,2024-03-01 06:17:32
12240,690680,12,42547952,11',Foul by Martinelli (Fluminense).,2024-03-01 06:17:32
12240,690680,13,42547887,15',Attempt blocked. Keno (Fluminense) right footed shot from the left side of the box is blocked.,2024-03-01 06:17:32
12240,690680,14,42547870,15',"Offside, Fluminense. Jhon Arias is caught offside.",2024-03-06 06:20:50
12240,690680,15,42547889,16',Foul by Jefferson Valverde (LDU Quito).,2024-03-01 06:17:32
12240,690680,16,42547889,16',Jhon Arias (Fluminense) wins a free kick in the defensive half.,2024-03-01 06:17:32
12240,690680,17,42547891,17',Foul by Diogo Barbosa (Fluminense).,2024-03-01 06:17:32
12240,690680,18,42547891,17',Luis Estupiñan (LDU Quito) wins a free kick in the attacking half.,2024-03-01 06:17:32
12240,690680,19,42547907,18',Attempt blocked. Leonel Quiñónez (LDU Quito) left footed shot from outside the box is blocked.,2024-03-01 06:17:32
12240,690680,20,-1,18',Attempt blocked. Leonel Quiñónez (LDU Quito) left footed shot from outside the box is blocked.,2024-03-01 06:17:32
12240,690680,21,42547911,18',"Corner, LDU Quito. Conceded by Jhon Arias.",2024-03-01 06:17:32
12240,690680,22,42547919,20',"Corner, LDU Quito. Conceded by Diogo Barbosa.",2024-03-01 06:17:32
12240,690680,23,42547970,24',Attempt missed. André (Fluminense) right footed shot from outside the box is too high. Assisted by Felipe Melo.,2024-03-01 06:17:32
12240,690680,24,42547978,27',Foul by Sebastián González (LDU Quito).,2024-03-01 06:17:32
12240,690680,25,42547978,27',Jhon Arias (Fluminense) wins a free kick in the defensive half.,2024-03-01 06:17:32
12240,690680,26,42547981,27',Foul by Thiago Santos (Fluminense).,2024-03-01 06:17:32
12240,690680,27,42547981,27',Jan Hurtado (LDU Quito) wins a free kick in the defensive half.,2024-03-01 06:17:32
12240,690680,28,42547999,28',Foul by Jhon Arias (Fluminense).,2024-03-01 06:17:32
12240,690680,29,42547999,28',Leonel Quiñónez (LDU Quito) wins a free kick on the left wing.,2024-03-01 06:17:32
12240,690680,30,42548001,29',Hand ball by Jan Hurtado (LDU Quito).,2024-03-01 06:17:32
12240,690680,31,42548010,30',Attempt missed. Ganso (Fluminense) header from the centre of the box is too high. Assisted by Jhon Arias with a cross.,2024-03-06 06:20:50
12240,690680,32,42548130,30',Foul by Leonel Quiñónez (LDU Quito).,2024-03-01 06:17:32
12240,690680,33,42548130,30',Jhon Arias (Fluminense) wins a free kick on the right wing.,2024-03-01 06:17:32
12240,690680,34,42548022,31',Attempt saved. Germán Cano (Fluminense) right footed shot from the left side of the box is saved in the bottom left corner.,2024-03-01 06:17:32
12240,690680,35,42548023,31',Attempt missed. Felipe Melo (Fluminense) right footed shot from outside the box is high and wide to the right following a set piece situation.,2024-03-01 06:17:32
12240,690680,36,42548035,32',Foul by Sebastián González (LDU Quito).,2024-03-01 06:17:32
12240,690680,37,42548035,32',Samuel Xavier (Fluminense) wins a free kick in the defensive half.,2024-03-01 06:17:32
12240,690680,38,42548037,32',"Offside, Fluminense. Keno is caught offside.",2024-03-01 06:17:32
12240,690680,39,42548043,34',Foul by Jan Hurtado (LDU Quito).,2024-03-01 06:17:32
12240,690680,40,42548043,34',Thiago Santos (Fluminense) wins a free kick in the defensive half.,2024-03-01 06:17:32
12240,690680,41,-1,37',Delay in match  because of an injury Jan Hurtado (LDU Quito).,2024-03-01 06:17:32
12240,690680,42,-1,37',Delay over. They are ready to continue.,2024-03-01 06:17:32
12240,690680,43,-1,38',"Corner, Fluminense. Conceded by José Quintero.",2024-03-01 06:17:32
12240,690680,44,42548063,38',Foul by Jan Hurtado (LDU Quito).,2024-03-01 06:17:32
12240,690680,45,42548063,38',Jhon Arias (Fluminense) wins a free kick on the left wing.,2024-03-01 06:17:32
12240,690680,46,42548072,38',Attempt saved. Ganso (Fluminense) left footed shot from outside the box is saved in the top left corner. Assisted by Germán Cano.,2024-03-01 06:17:32
12240,690680,47,42548074,38',"Corner, Fluminense. Conceded by Alexander Domínguez.",2024-03-01 06:17:32
12240,690680,48,42548078,40',Attempt saved. Germán Cano (Fluminense) right footed shot from the centre of the box is saved in the top centre of the goal. Assisted by Samuel Xavier.,2024-03-01 06:17:32
12240,690680,49,42548096,44',Attempt missed. Germán Cano (Fluminense) right footed shot from more than 35 yards is too high. Assisted by André.,2024-03-01 06:17:32
12240,690680,50,42548105,44',"Corner, LDU Quito. Conceded by Diogo Barbosa.",2024-03-01 06:17:32
12240,690680,51,42548112,45'+1',Attempt blocked. Luis Estupiñan (LDU Quito) left footed shot from a difficult angle on the right is blocked.,2024-03-01 06:17:32
12240,690680,52,42548114,45'+1',"Corner, LDU Quito. Conceded by Felipe Melo.",2024-03-01 06:17:32
12240,690680,53,42548119,45'+2',Foul by Sebastián González (LDU Quito).,2024-03-01 06:17:32
12240,690680,54,42548119,45'+2',Jhon Arias (Fluminense) wins a free kick in the defensive half.,2024-03-01 06:17:32
12240,690680,55,42548129,45'+3',"First Half ends, Fluminense 0, LDU Quito 0.",2024-03-01 06:17:32
12240,690680,56,42548249,45',"Second Half begins Fluminense 0, LDU Quito 0.",2024-03-01 06:17:32
12240,690680,57,42548238,45',"Substitution, Fluminense. John Kennedy replaces Felipe Melo.",2024-03-01 06:17:32
12240,690680,58,42548278,50',Attempt blocked. Germán Cano (Fluminense) left footed shot from outside the box is blocked. Assisted by Jhon Arias.,2024-03-06 06:20:50
12240,690680,59,42548318,51',Attempt blocked. Jhon Arias (Fluminense) left footed shot from the right side of the box is blocked. Assisted by Ganso.,2024-03-06 06:20:50
12240,690680,60,42548358,51',Attempt blocked. Samuel Xavier (Fluminense) right footed shot from the right side of the box is blocked.,2024-03-06 06:20:50
12240,690680,61,42548302,51',Attempt missed. John Kennedy (Fluminense) header from the centre of the box is too high. Assisted by Samuel Xavier with a cross.,2024-03-06 06:20:50
12240,690680,62,42548348,53',"Attempt missed. John Kennedy (Fluminense) left footed shot from the left side of the box is close, but misses to the left. Assisted by Martinelli with a headed pass.",2024-03-06 06:20:50
12240,690680,63,42548336,54',"Offside, LDU Quito. Jan Hurtado is caught offside.",2024-03-06 06:20:50
12240,690680,64,42548530,54',Foul by Richard Mina (LDU Quito).,2024-03-06 06:20:50
12240,690680,65,42548530,54',John Kennedy (Fluminense) wins a free kick in the defensive half.,2024-03-06 06:20:50
12240,690680,66,42548531,55',"Corner, LDU Quito. Conceded by Ganso.",2024-03-06 06:20:50
12240,690680,67,42548352,55',Attempt missed. Jefferson Valverde (LDU Quito) right footed shot from outside the box is high and wide to the right. Assisted by Lucas Piovi following a corner.,2024-03-06 06:20:50
12240,690680,68,42548353,56',Attempt missed. John Kennedy (Fluminense) header from the centre of the box misses to the left. Assisted by Keno with a cross.,2024-03-06 06:20:50
12240,690680,69,42548368,57',"Offside, LDU Quito. Sebastián González is caught offside.",2024-03-06 06:20:50
12240,690680,70,42548391,59',"Corner, Fluminense. Conceded by Luis Estupiñan.",2024-03-06 06:20:50
12240,690680,71,-1,60',Delay in match  because of an injury Ganso (Fluminense).,2024-03-06 06:20:50
12240,690680,72,-1,60',Delay in match  because of an injury Leonel Quiñónez (LDU Quito).,2024-03-06 06:20:50
12240,690680,73,-1,61',Delay over. They are ready to continue.,2024-03-06 06:20:50
12240,690680,74,42548427,61',Attempt blocked. Jhon Arias (Fluminense) right footed shot from the right side of the box is blocked. Assisted by Ganso.,2024-03-06 06:20:50
12240,690680,75,42548407,61',"Corner, Fluminense. Conceded by Luis Estupiñan.",2024-03-06 06:20:50
12240,690680,76,42548429,62',"Corner, Fluminense. Conceded by José Quintero.",2024-03-06 06:20:50
12240,690680,77,-1,63',Delay in match   (Fluminense).,2024-03-06 06:20:50
12240,690680,78,-1,64',Delay over. They are ready to continue.,2024-03-06 06:20:50
12240,690680,79,42548458,65',Attempt blocked. Martinelli (Fluminense) right footed shot from outside the box is blocked. Assisted by John Kennedy.,2024-03-06 06:20:50
12240,690680,80,42548459,65',Foul by Diogo Barbosa (Fluminense).,2024-03-06 06:20:50
12240,690680,81,42548459,65',José Quintero (LDU Quito) wins a free kick in the defensive half.,2024-03-06 06:20:50
12240,690680,82,42548484,66',"Substitution, Fluminense. Douglas Costa replaces Keno.",2024-03-06 06:20:50
12240,690680,83,42548485,67',"Substitution, Fluminense. Marcelo replaces Diogo Barbosa.",2024-03-06 06:20:50
12240,690680,84,42548486,67',"Substitution, Fluminense. Renato Augusto replaces Ganso.",2024-03-06 06:20:50
12240,690680,85,42548488,67',Foul by José Quintero (LDU Quito).,2024-03-06 06:20:50
12240,690680,86,42548488,67',Jhon Arias (Fluminense) wins a free kick in the defensive half.,2024-03-06 06:20:50
12240,690680,87,42548489,67',José Quintero (LDU Quito) is shown the yellow card for a bad foul.,2024-03-06 06:20:50
12240,690680,88,42548505,68',Attempt missed. Renato Augusto (Fluminense) right footed shot from the centre of the box is too high. Assisted by Douglas Costa.,2024-03-06 06:20:50
12240,690680,89,42548512,70',Attempt missed. Martinelli (Fluminense) right footed shot from outside the box misses to the left.,2024-03-06 06:20:50
12240,690680,90,-1,71',Delay in match  because of an injury Jan Hurtado (LDU Quito).,2024-03-06 06:20:50
12240,690680,91,-1,71',Delay over. They are ready to continue.,2024-03-06 06:20:50
12240,690680,92,42548532,71',"Substitution, LDU Quito. Alex Arce replaces Jan Hurtado because of an injury.",2024-03-06 06:20:50
12240,690680,93,42548533,72',"Substitution, LDU Quito. Jhojan Julio replaces Luis Estupiñan because of an injury.",2024-03-06 06:20:50
12240,690680,94,42548542,74',Attempt blocked. Marcelo (Fluminense) left footed shot from outside the box is blocked. Assisted by Jhon Arias.,2024-03-06 06:20:50
12240,690680,95,42548554,74',Attempt blocked. Douglas Costa (Fluminense) left footed shot from outside the box is blocked. Assisted by Marcelo.,2024-03-06 06:20:50
12240,690680,96,42548588,74',Attempt blocked. Germán Cano (Fluminense) right footed shot from the centre of the box is blocked. Assisted by Douglas Costa.,2024-03-06 06:20:50
12240,690680,97,42548555,74',"Corner, Fluminense. Conceded by Richard Mina.",2024-03-06 06:20:50
12240,690680,98,42548567,75',Attempt blocked. Marcelo (Fluminense) left footed shot from outside the box is blocked. Assisted by Douglas Costa.,2024-03-06 06:20:50
12240,690680,99,42548574,75',Attempt missed. John Kennedy (Fluminense) right footed shot from the centre of the box misses to the left following a corner.,2024-03-06 06:20:50
12240,690680,100,42548570,76',"Goal!  Fluminense 1, LDU Quito 0. Jhon Arias (Fluminense) header from the centre of the box to the bottom right corner. Assisted by Samuel Xavier with a cross.",2024-03-06 06:20:50
12240,690680,101,42548706,78',Foul by Jhojan Julio (LDU Quito).,2024-03-06 06:20:50
12240,690680,102,42548706,78',Thiago Santos (Fluminense) wins a free kick in the defensive half.,2024-03-06 06:20:50
12240,690680,103,42548605,78',Thiago Santos (Fluminense) is shown the yellow card.,2024-03-06 06:20:50
12240,690680,104,42548606,78',Jhojan Julio (LDU Quito) is shown the yellow card.,2024-03-06 06:20:50
12240,690680,105,42548608,79',Foul by John Kennedy (Fluminense).,2024-03-06 06:20:50
12240,690680,106,-1,79',Óscar Zambrano (LDU Quito) wins a free kick in the defensive half.,2024-03-06 06:20:50
12240,690680,107,42548618,79',John Kennedy (Fluminense) is shown the red card.,2024-03-06 06:20:50
12240,690680,108,-1,81',Delay in match  because of an injury Óscar Zambrano (LDU Quito).,2024-03-06 06:20:50
12240,690680,109,-1,82',Delay over. They are ready to continue.,2024-03-06 06:20:50
12240,690680,110,42548651,82',"Substitution, LDU Quito. Lisandro Alzugaray replaces Sebastián González.",2024-03-06 06:20:50
12240,690680,111,42548654,83',Foul by Jhojan Julio (LDU Quito).,2024-03-06 06:20:50
12240,690680,112,42548654,83',Samuel Xavier (Fluminense) wins a free kick on the right wing.,2024-03-06 06:20:50
12240,690680,113,42548668,84',Attempt missed. Germán Cano (Fluminense) header from the centre of the box misses to the left. Assisted by Samuel Xavier with a cross.,2024-03-06 06:20:50
12240,690680,114,42548674,85',"Offside, LDU Quito. Alex Arce is caught offside.",2024-03-06 06:20:50
12240,690680,115,42548675,85',"Substitution, Fluminense. Guga replaces Samuel Xavier.",2024-03-06 06:20:50
12240,690680,116,42548686,87',Penalty Fluminense. Renato Augusto draws a foul in the penalty area.,2024-03-06 06:20:50
12240,690680,117,42548686,87',Penalty conceded by Jefferson Valverde (LDU Quito) after a foul in the penalty area.,2024-03-06 06:20:50
12240,690680,118,42548699,90',"Goal!  Fluminense 2, LDU Quito 0. Jhon Arias (Fluminense) converts the penalty with a right footed shot to the top left corner.",2024-03-06 06:20:50
12240,690680,119,42548722,90'+1',"Substitution, LDU Quito. Michael Estrada replaces Óscar Zambrano.",2024-03-06 06:20:50
12240,690680,120,42548723,90'+1',"Substitution, LDU Quito. Gabriel Villamíl replaces Jefferson Valverde.",2024-03-06 06:20:50
12240,690680,121,42548725,90'+2',Foul by Jhojan Julio (LDU Quito).,2024-03-06 06:20:50
12240,690680,122,42548725,90'+2',Guga (Fluminense) wins a free kick in the defensive half.,2024-03-06 06:20:50
12240,690680,123,42548734,90'+3',Diogo Barbosa (Fluminense) is shown the red card.,2024-03-06 06:20:50
12240,690680,124,42548732,90'+4',Germán Cano (Fluminense) is shown the yellow card.,2024-03-06 06:20:50
12240,690680,125,42548780,90'+4',Foul by Douglas Costa (Fluminense).,2024-03-06 06:20:50
12240,690680,126,42548780,90'+4',Leonel Quiñónez (LDU Quito) wins a free kick in the defensive half.,2024-03-06 06:20:50
12240,690680,127,42548750,90'+5',"Offside, Fluminense. Germán Cano is caught offside.",2024-03-06 06:20:50
12240,690680,128,-1,90'+8',"Second Half ends, Fluminense 2, LDU Quito 0.",2024-03-06 06:20:50
12240,690680,129,-1,,"Match ends, Fluminense 2, LDU Quito 0.",2024-03-06 06:20:50
12240,690680,130,-1,,"Match ends, Fluminense 2, LDU Quito 0.",2024-03-01 06:17:32
